1,Consuela,Consuela@gmail.com,/Users/rathore/vdotok/jmeterSel/Data/Video1.y4m,/Users/rathore/vdotok/jmeterSel/Data/Audio1.wav,Gertrud,Gertrud@gmail.com
2,Lindie,Lindie@gmail.com,/Users/rathore/vdotok/jmeterSel/Data/Video2.y4m,/Users/rathore/vdotok/jmeterSel/Data/Audio2.wav,Asia,Asia@gmail.com
3,Helena,Helena@gmail.com,/Users/rathore/vdotok/jmeterSel/Data/Video3.y4m,/Users/rathore/vdotok/jmeterSel/Data/Audio3.wav,Sharai,Sharai@gmail.com
4,Meg,Meg@gmail.com,/Users/rathore/vdotok/jmeterSel/Data/Video4.y4m,/Users/rathore/vdotok/jmeterSel/Data/Audio4.wav,Cindelyn,Cindelyn@gmail.com
5,Sissy,Sissy@gmail.com,/Users/rathore/vdotok/jmeterSel/Data/Video1.y4m,/Users/rathore/vdotok/jmeterSel/Data/Audio1.wav,Jessy,Jessy@gmail.com
6,Max,Max@gmail.com,/Users/rathore/vdotok/jmeterSel/Data/Video2.y4m,/Users/rathore/vdotok/jmeterSel/Data/Audio2.wav,Kaja,Kaja@gmail.com
7,Consuela,Consuela@gmail.com,/Users/rathore/vdotok/jmeterSel/Data/Video3.y4m,/Users/rathore/vdotok/jmeterSel/Data/Audio3.wav,Melisent,Melisent@gmail.com
8,Celene,Celene@gmail.com,/Users/rathore/vdotok/jmeterSel/Data/Video4.y4m,/Users/rathore/vdotok/jmeterSel/Data/Audio4.wav,Mildrid,Mildrid@gmail.com
9,Siana,Siana@gmail.com,/Users/rathore/vdotok/jmeterSel/Data/Video1.y4m,/Users/rathore/vdotok/jmeterSel/Data/Audio1.wav,Maud,Maud@gmail.com
10,Starla,Starla@gmail.com,/Users/rathore/vdotok/jmeterSel/Data/Video2.y4m,/Users/rathore/vdotok/jmeterSel/Data/Audio2.wav,Dorice,Dorice@gmail.com
11,Clary,Clary@gmail.com,/Users/rathore/vdotok/jmeterSel/Data/Video3.y4m,/Users/rathore/vdotok/jmeterSel/Data/Audio3.wav,Arlena,Arlena@gmail.com
12,Brianna,Brianna@gmail.com,/Users/rathore/vdotok/jmeterSel/Data/Video4.y4m,/Users/rathore/vdotok/jmeterSel/Data/Audio4.wav,Ileana,Ileana@gmail.com
13,Penelopa,Penelopa@gmail.com,/Users/rathore/vdotok/jmeterSel/Data/Video1.y4m,/Users/rathore/vdotok/jmeterSel/Data/Audio1.wav,Gilligan,Gilligan@gmail.com
14,Claudina,Claudina@gmail.com,/Users/rathore/vdotok/jmeterSel/Data/Video2.y4m,/Users/rathore/vdotok/jmeterSel/Data/Audio2.wav,Belva,Belva@gmail.com
15,Dione,Dione@gmail.com,/Users/rathore/vdotok/jmeterSel/Data/Video3.y4m,/Users/rathore/vdotok/jmeterSel/Data/Audio3.wav,Trixi,Trixi@gmail.com
16,Roberta,Roberta@gmail.com,/Users/rathore/vdotok/jmeterSel/Data/Video4.y4m,/Users/rathore/vdotok/jmeterSel/Data/Audio4.wav,Vonny,Vonny@gmail.com
17,Brianna,Brianna@gmail.com,/Users/rathore/vdotok/jmeterSel/Data/Video1.y4m,/Users/rathore/vdotok/jmeterSel/Data/Audio1.wav,Shell,Shell@gmail.com
18,Lory,Lory@gmail.com,/Users/rathore/vdotok/jmeterSel/Data/Video2.y4m,/Users/rathore/vdotok/jmeterSel/Data/Audio2.wav,Aurore,Aurore@gmail.com
19,Eve,Eve@gmail.com,/Users/rathore/vdotok/jmeterSel/Data/Video3.y4m,/Users/rathore/vdotok/jmeterSel/Data/Audio3.wav,Deane,Deane@gmail.com
20,Helsa,Helsa@gmail.com,/Users/rathore/vdotok/jmeterSel/Data/Video4.y4m,/Users/rathore/vdotok/jmeterSel/Data/Audio4.wav,Tracey,Tracey@gmail.com
21,Trixi,Trixi@gmail.com,/Users/rathore/vdotok/jmeterSel/Data/Video1.y4m,/Users/rathore/vdotok/jmeterSel/Data/Audio1.wav,Natka,Natka@gmail.com
22,Hayley,Hayley@gmail.com,/Users/rathore/vdotok/jmeterSel/Data/Video2.y4m,/Users/rathore/vdotok/jmeterSel/Data/Audio2.wav,Alexine,Alexine@gmail.com
23,Heddie,Heddie@gmail.com,/Users/rathore/vdotok/jmeterSel/Data/Video3.y4m,/Users/rathore/vdotok/jmeterSel/Data/Audio3.wav,Louella,Louella@gmail.com
24,Mariele,Mariele@gmail.com,/Users/rathore/vdotok/jmeterSel/Data/Video4.y4m,/Users/rathore/vdotok/jmeterSel/Data/Audio4.wav,Jillayne,Jillayne@gmail.com
25,Corene,Corene@gmail.com,,,Felice,Felice@gmail.com
26,Madalyn,Madalyn@gmail.com,,,Tiffie,Tiffie@gmail.com
27,Sabina,Sabina@gmail.com,,,Caryl,Caryl@gmail.com
28,Gusty,Gusty@gmail.com,,,Paulita,Paulita@gmail.com
29,Bernardine,Bernardine@gmail.com,,,Beth,Beth@gmail.com
30,Heida,Heida@gmail.com,,,Cathyleen,Cathyleen@gmail.com
31,Louella,Louella@gmail.com,,,Debee,Debee@gmail.com
32,Christian,Christian@gmail.com,,,Siana,Siana@gmail.com
33,Ilse,Ilse@gmail.com,,,Tani,Tani@gmail.com
34,Olivette,Olivette@gmail.com,,,Tami,Tami@gmail.com
35,Beverley,Beverley@gmail.com,,,Taffy,Taffy@gmail.com
36,Celene,Celene@gmail.com,,,Gwyneth,Gwyneth@gmail.com
37,Ermengarde,Ermengarde@gmail.com,,,Corene,Corene@gmail.com
38,Miquela,Miquela@gmail.com,,,Jere,Jere@gmail.com
39,Thalia,Thalia@gmail.com,,,Melina,Melina@gmail.com
40,Shell,Shell@gmail.com,,,Alyda,Alyda@gmail.com
41,Phedra,Phedra@gmail.com,,,Fawne,Fawne@gmail.com
42,Allyce,Allyce@gmail.com,,,Fred,Fred@gmail.com
43,Lily,Lily@gmail.com,,,Mathilda,Mathilda@gmail.com
44,Mamie,Mamie@gmail.com,,,Cassondra,Cassondra@gmail.com
45,Valeda,Valeda@gmail.com,,,Nerta,Nerta@gmail.com
46,Esmeralda,Esmeralda@gmail.com,,,Orelia,Orelia@gmail.com
47,Tressa,Tressa@gmail.com,,,Kara-Lynn,Kara-Lynn@gmail.com
48,Orsola,Orsola@gmail.com,,,Gerianna,Gerianna@gmail.com
49,Babita,Babita@gmail.com,,,Lelah,Lelah@gmail.com
50,Emylee,Emylee@gmail.com,,,Wynne,Wynne@gmail.com
51,Christian,Christian@gmail.com,,,Beverley,Beverley@gmail.com
52,Liana,Liana@gmail.com,,,Xylina,Xylina@gmail.com
53,Katuscha,Katuscha@gmail.com,,,Mariele,Mariele@gmail.com
54,Kary,Kary@gmail.com,,,Veda,Veda@gmail.com
55,Nerta,Nerta@gmail.com,,,Taffy,Taffy@gmail.com
56,Fernande,Fernande@gmail.com,,,Kristina,Kristina@gmail.com
57,Emylee,Emylee@gmail.com,,,Marita,Marita@gmail.com
58,Netty,Netty@gmail.com,,,Tomasina,Tomasina@gmail.com
59,Joceline,Joceline@gmail.com,,,Nelle,Nelle@gmail.com
60,Dale,Dale@gmail.com,,,Sharlene,Sharlene@gmail.com
61,Elka,Elka@gmail.com,,,Babita,Babita@gmail.com
62,Andeee,Andeee@gmail.com,,,Hermione,Hermione@gmail.com
63,Daryl,Daryl@gmail.com,,,Florie,Florie@gmail.com
64,Misha,Misha@gmail.com,,,Mallory,Mallory@gmail.com
65,Gisela,Gisela@gmail.com,,,Nelle,Nelle@gmail.com
66,Stevana,Stevana@gmail.com,,,Genovera,Genovera@gmail.com
67,Laure,Laure@gmail.com,,,Calla,Calla@gmail.com
68,Shell,Shell@gmail.com,,,Gusty,Gusty@gmail.com
69,Ottilie,Ottilie@gmail.com,,,Blondelle,Blondelle@gmail.com
70,Bibby,Bibby@gmail.com,,,Calla,Calla@gmail.com
71,Tybie,Tybie@gmail.com,,,Sherrie,Sherrie@gmail.com
72,Dorice,Dorice@gmail.com,,,Dorothy,Dorothy@gmail.com
73,Beth,Beth@gmail.com,,,Sonni,Sonni@gmail.com
74,Di,Di@gmail.com,,,Elka,Elka@gmail.com
75,Margalo,Margalo@gmail.com,,,Rivalee,Rivalee@gmail.com
76,Lanna,Lanna@gmail.com,,,Annora,Annora@gmail.com
77,Sadie,Sadie@gmail.com,,,Zsa Zsa,Zsa Zsa@gmail.com
78,Annora,Annora@gmail.com,,,Kelly,Kelly@gmail.com
79,Lindie,Lindie@gmail.com,,,Annora,Annora@gmail.com
80,Millie,Millie@gmail.com,,,Marylou,Marylou@gmail.com
81,Trudie,Trudie@gmail.com,,,Anthia,Anthia@gmail.com
82,Fred,Fred@gmail.com,,,Linet,Linet@gmail.com
83,Sarette,Sarette@gmail.com,,,Cam,Cam@gmail.com
84,Chere,Chere@gmail.com,,,Kaja,Kaja@gmail.com
85,Mignon,Mignon@gmail.com,,,Dyann,Dyann@gmail.com
86,Carilyn,Carilyn@gmail.com,,,Ronna,Ronna@gmail.com
87,Addia,Addia@gmail.com,,,Lanae,Lanae@gmail.com
88,Aurore,Aurore@gmail.com,,,Bill,Bill@gmail.com
89,Jessy,Jessy@gmail.com,,,Georgina,Georgina@gmail.com
90,Melodie,Melodie@gmail.com,,,Daphne,Daphne@gmail.com
91,Luci,Luci@gmail.com,,,Clo,Clo@gmail.com
92,Concettina,Concettina@gmail.com,,,Doro,Doro@gmail.com
93,Ingrid,Ingrid@gmail.com,,,Aurelie,Aurelie@gmail.com
94,Brana,Brana@gmail.com,,,Lauryn,Lauryn@gmail.com
95,Beth,Beth@gmail.com,,,Albertina,Albertina@gmail.com
96,Andeee,Andeee@gmail.com,,,Jillayne,Jillayne@gmail.com
97,Bibby,Bibby@gmail.com,,,Dotty,Dotty@gmail.com
98,Elvira,Elvira@gmail.com,,,Rozele,Rozele@gmail.com
99,Dania,Dania@gmail.com,,,Dorthy,Dorthy@gmail.com
100,Lilith,Lilith@gmail.com,,,Norine,Norine@gmail.com
101,Zondra,Zondra@gmail.com,,,Cindelyn,Cindelyn@gmail.com
102,Jaclyn,Jaclyn@gmail.com,,,Aryn,Aryn@gmail.com
103,Abbie,Abbie@gmail.com,,,Agnese,Agnese@gmail.com
104,Jobi,Jobi@gmail.com,,,Carmencita,Carmencita@gmail.com
105,Karena,Karena@gmail.com,,,Lanae,Lanae@gmail.com
106,Aigneis,Aigneis@gmail.com,,,Lanae,Lanae@gmail.com
107,Valli,Valli@gmail.com,,,Althea,Althea@gmail.com
108,Cissiee,Cissiee@gmail.com,,,Charissa,Charissa@gmail.com
109,Joceline,Joceline@gmail.com,,,Audrie,Audrie@gmail.com
110,Orsola,Orsola@gmail.com,,,Ronna,Ronna@gmail.com
111,Sandie,Sandie@gmail.com,,,Rochette,Rochette@gmail.com
112,Doro,Doro@gmail.com,,,Paule,Paule@gmail.com
113,Tori,Tori@gmail.com,,,Ashlee,Ashlee@gmail.com
114,Nadine,Nadine@gmail.com,,,Ana,Ana@gmail.com
115,Kamilah,Kamilah@gmail.com,,,Beth,Beth@gmail.com
116,Elmira,Elmira@gmail.com,,,Karlee,Karlee@gmail.com
117,Britte,Britte@gmail.com,,,Nessie,Nessie@gmail.com
118,Priscilla,Priscilla@gmail.com,,,Dorice,Dorice@gmail.com
119,Chickie,Chickie@gmail.com,,,Gaylene,Gaylene@gmail.com
120,Kial,Kial@gmail.com,,,Daryl,Daryl@gmail.com
121,Nonnah,Nonnah@gmail.com,,,Correy,Correy@gmail.com
122,Jenda,Jenda@gmail.com,,,Nicoli,Nicoli@gmail.com
123,Ruthe,Ruthe@gmail.com,,,Ana,Ana@gmail.com
124,Elie,Elie@gmail.com,,,Gianina,Gianina@gmail.com
125,Ariela,Ariela@gmail.com,,,Sophia,Sophia@gmail.com
126,Eolanda,Eolanda@gmail.com,,,Angelique,Angelique@gmail.com
127,Blinni,Blinni@gmail.com,,,Berta,Berta@gmail.com
128,Ronna,Ronna@gmail.com,,,Josephine,Josephine@gmail.com
129,Tori,Tori@gmail.com,,,Eve,Eve@gmail.com
130,Jere,Jere@gmail.com,,,Tina,Tina@gmail.com
131,Ottilie,Ottilie@gmail.com,,,Yetty,Yetty@gmail.com
132,Blondelle,Blondelle@gmail.com,,,Ottilie,Ottilie@gmail.com
133,Phylis,Phylis@gmail.com,,,Adriana,Adriana@gmail.com
134,Morganica,Morganica@gmail.com,,,Margette,Margette@gmail.com
135,Rayna,Rayna@gmail.com,,,Cherilyn,Cherilyn@gmail.com
136,Millie,Millie@gmail.com,,,Regina,Regina@gmail.com
137,Cathyleen,Cathyleen@gmail.com,,,Kamilah,Kamilah@gmail.com
138,Regina,Regina@gmail.com,,,Aeriela,Aeriela@gmail.com
139,Florencia,Florencia@gmail.com,,,Kerrin,Kerrin@gmail.com
140,Evita,Evita@gmail.com,,,Jorry,Jorry@gmail.com
141,Lorie,Lorie@gmail.com,,,Helsa,Helsa@gmail.com
142,Leeanne,Leeanne@gmail.com,,,Danika,Danika@gmail.com
143,Catharine,Catharine@gmail.com,,,Wilma,Wilma@gmail.com
144,Alie,Alie@gmail.com,,,Carmencita,Carmencita@gmail.com
145,Fayre,Fayre@gmail.com,,,Nessie,Nessie@gmail.com
146,Florie,Florie@gmail.com,,,Genovera,Genovera@gmail.com
147,Madalyn,Madalyn@gmail.com,,,Barbara,Barbara@gmail.com
148,Gale,Gale@gmail.com,,,Kristan,Kristan@gmail.com
149,Tani,Tani@gmail.com,,,Jere,Jere@gmail.com
150,Harrietta,Harrietta@gmail.com,,,Ronna,Ronna@gmail.com
151,Courtnay,Courtnay@gmail.com,,,Karly,Karly@gmail.com
152,Linet,Linet@gmail.com,,,Elsie,Elsie@gmail.com
153,Wendi,Wendi@gmail.com,,,Gisela,Gisela@gmail.com
154,Dorice,Dorice@gmail.com,,,Estell,Estell@gmail.com
155,Mara,Mara@gmail.com,,,Aigneis,Aigneis@gmail.com
156,Peri,Peri@gmail.com,,,Maud,Maud@gmail.com
157,Alisha,Alisha@gmail.com,,,Ashlee,Ashlee@gmail.com
158,Talya,Talya@gmail.com,,,Barbara,Barbara@gmail.com
159,Anica,Anica@gmail.com,,,Layla,Layla@gmail.com
160,Basia,Basia@gmail.com,,,Wileen,Wileen@gmail.com
161,Karolina,Karolina@gmail.com,,,Rebeca,Rebeca@gmail.com
162,Elbertina,Elbertina@gmail.com,,,Maud,Maud@gmail.com
163,Lenna,Lenna@gmail.com,,,Sandie,Sandie@gmail.com
164,Anallese,Anallese@gmail.com,,,Ana,Ana@gmail.com
165,Shaine,Shaine@gmail.com,,,Audrie,Audrie@gmail.com
166,Rochette,Rochette@gmail.com,,,Miquela,Miquela@gmail.com
167,Pearline,Pearline@gmail.com,,,Meghann,Meghann@gmail.com
168,Jere,Jere@gmail.com,,,Dennie,Dennie@gmail.com
169,Bobinette,Bobinette@gmail.com,,,Sherrie,Sherrie@gmail.com
170,Dorene,Dorene@gmail.com,,,Esmeralda,Esmeralda@gmail.com
171,Nanete,Nanete@gmail.com,,,Diena,Diena@gmail.com
172,Willetta,Willetta@gmail.com,,,Jenilee,Jenilee@gmail.com
173,Farrah,Farrah@gmail.com,,,Josephine,Josephine@gmail.com
174,Annecorinne,Annecorinne@gmail.com,,,Justinn,Justinn@gmail.com
175,Ayn,Ayn@gmail.com,,,Kellen,Kellen@gmail.com
176,Flo,Flo@gmail.com,,,Alexine,Alexine@gmail.com
177,Celestyna,Celestyna@gmail.com,,,Aaren,Aaren@gmail.com
178,Bill,Bill@gmail.com,,,Kylynn,Kylynn@gmail.com
179,Danny,Danny@gmail.com,,,Vanessa,Vanessa@gmail.com
180,Concettina,Concettina@gmail.com,,,Zondra,Zondra@gmail.com
181,Damaris,Damaris@gmail.com,,,Blondelle,Blondelle@gmail.com
182,Olivette,Olivette@gmail.com,,,Dari,Dari@gmail.com
183,Cacilie,Cacilie@gmail.com,,,Selma,Selma@gmail.com
184,Hannis,Hannis@gmail.com,,,Marti,Marti@gmail.com
185,Beverley,Beverley@gmail.com,,,Juliane,Juliane@gmail.com
186,Anica,Anica@gmail.com,,,Asia,Asia@gmail.com
187,Demetris,Demetris@gmail.com,,,Catharine,Catharine@gmail.com
188,Lanae,Lanae@gmail.com,,,Annaliese,Annaliese@gmail.com
189,Maurene,Maurene@gmail.com,,,Katharina,Katharina@gmail.com
190,Gisela,Gisela@gmail.com,,,Cathie,Cathie@gmail.com
191,Edyth,Edyth@gmail.com,,,Josephine,Josephine@gmail.com
192,Averyl,Averyl@gmail.com,,,Shauna,Shauna@gmail.com
193,Ingrid,Ingrid@gmail.com,,,Aeriela,Aeriela@gmail.com
194,Sandie,Sandie@gmail.com,,,Riannon,Riannon@gmail.com
195,Iseabal,Iseabal@gmail.com,,,Marguerite,Marguerite@gmail.com
196,Hildegaard,Hildegaard@gmail.com,,,Rosabelle,Rosabelle@gmail.com
197,Melina,Melina@gmail.com,,,Marti,Marti@gmail.com
198,Nelle,Nelle@gmail.com,,,Chrystel,Chrystel@gmail.com
199,Tiffie,Tiffie@gmail.com,,,Esmeralda,Esmeralda@gmail.com
200,Ursulina,Ursulina@gmail.com,,,Shell,Shell@gmail.com
201,Mellicent,Mellicent@gmail.com,,,Debee,Debee@gmail.com
202,Genevra,Genevra@gmail.com,,,Ardenia,Ardenia@gmail.com
203,Ottilie,Ottilie@gmail.com,,,Gretal,Gretal@gmail.com
204,Elmira,Elmira@gmail.com,,,Cherrita,Cherrita@gmail.com
205,Celestyna,Celestyna@gmail.com,,,Jenda,Jenda@gmail.com
206,Gui,Gui@gmail.com,,,Goldie,Goldie@gmail.com
207,Viki,Viki@gmail.com,,,Frieda,Frieda@gmail.com
208,Sybille,Sybille@gmail.com,,,Ariela,Ariela@gmail.com
209,Dacia,Dacia@gmail.com,,,Margette,Margette@gmail.com
210,Emelina,Emelina@gmail.com,,,Hyacinthe,Hyacinthe@gmail.com
211,Kenna,Kenna@gmail.com,,,Carly,Carly@gmail.com
212,Jackie,Jackie@gmail.com,,,Belinda,Belinda@gmail.com
213,Nicoli,Nicoli@gmail.com,,,Katleen,Katleen@gmail.com
214,Vere,Vere@gmail.com,,,Marinna,Marinna@gmail.com
215,Sherrie,Sherrie@gmail.com,,,Marita,Marita@gmail.com
216,Sibella,Sibella@gmail.com,,,Vinita,Vinita@gmail.com
217,Fanchon,Fanchon@gmail.com,,,Deedee,Deedee@gmail.com
218,Tabbatha,Tabbatha@gmail.com,,,Carol-Jean,Carol-Jean@gmail.com
219,Wendi,Wendi@gmail.com,,,Sallie,Sallie@gmail.com
220,Elena,Elena@gmail.com,,,Lucille,Lucille@gmail.com
221,Jere,Jere@gmail.com,,,Calla,Calla@gmail.com
222,Cyndie,Cyndie@gmail.com,,,Shandie,Shandie@gmail.com
223,Dione,Dione@gmail.com,,,Dennie,Dennie@gmail.com
224,Yvonne,Yvonne@gmail.com,,,Halette,Halette@gmail.com
225,Roberta,Roberta@gmail.com,,,Arabel,Arabel@gmail.com
226,Gilda,Gilda@gmail.com,,,Karina,Karina@gmail.com
227,Joelly,Joelly@gmail.com,,,Tonia,Tonia@gmail.com
228,Carol-Jean,Carol-Jean@gmail.com,,,Anestassia,Anestassia@gmail.com
229,Dacia,Dacia@gmail.com,,,Donnie,Donnie@gmail.com
230,Josephine,Josephine@gmail.com,,,Katuscha,Katuscha@gmail.com
231,Vanessa,Vanessa@gmail.com,,,Mahalia,Mahalia@gmail.com
232,Maud,Maud@gmail.com,,,Coral,Coral@gmail.com
233,Andeee,Andeee@gmail.com,,,Vere,Vere@gmail.com
234,Pamella,Pamella@gmail.com,,,Norine,Norine@gmail.com
235,Talya,Talya@gmail.com,,,Stevana,Stevana@gmail.com
236,Taffy,Taffy@gmail.com,,,Clementine,Clementine@gmail.com
237,Darlleen,Darlleen@gmail.com,,,Candi,Candi@gmail.com
238,Teddie,Teddie@gmail.com,,,Cassondra,Cassondra@gmail.com
239,Glenda,Glenda@gmail.com,,,Vanessa,Vanessa@gmail.com
240,Trixi,Trixi@gmail.com,,,Lisette,Lisette@gmail.com
241,Mara,Mara@gmail.com,,,Gabi,Gabi@gmail.com
242,Jany,Jany@gmail.com,,,Sonni,Sonni@gmail.com
243,Kimmy,Kimmy@gmail.com,,,Belinda,Belinda@gmail.com
244,Kirbee,Kirbee@gmail.com,,,Aurore,Aurore@gmail.com
245,Madalyn,Madalyn@gmail.com,,,Penelopa,Penelopa@gmail.com
246,Dolli,Dolli@gmail.com,,,Sadie,Sadie@gmail.com
247,Alyssa,Alyssa@gmail.com,,,Janis,Janis@gmail.com
248,Raquela,Raquela@gmail.com,,,Johna,Johna@gmail.com
249,Fayre,Fayre@gmail.com,,,Meriel,Meriel@gmail.com
250,Lilith,Lilith@gmail.com,,,Arlina,Arlina@gmail.com
251,Sadie,Sadie@gmail.com,,,Jacenta,Jacenta@gmail.com
252,Anthia,Anthia@gmail.com,,,Mildrid,Mildrid@gmail.com
253,Kerrin,Kerrin@gmail.com,,,Amii,Amii@gmail.com
254,Ruthe,Ruthe@gmail.com,,,Aigneis,Aigneis@gmail.com
255,Karolina,Karolina@gmail.com,,,Tabbatha,Tabbatha@gmail.com
256,Beatriz,Beatriz@gmail.com,,,Elyssa,Elyssa@gmail.com
257,Amelia,Amelia@gmail.com,,,Larine,Larine@gmail.com
258,Etta,Etta@gmail.com,,,Xylina,Xylina@gmail.com
259,Lyssa,Lyssa@gmail.com,,,Stacey,Stacey@gmail.com
260,Suzette,Suzette@gmail.com,,,Rebeca,Rebeca@gmail.com
261,Rori,Rori@gmail.com,,,Odessa,Odessa@gmail.com
262,Dode,Dode@gmail.com,,,Laurene,Laurene@gmail.com
263,Karly,Karly@gmail.com,,,Leona,Leona@gmail.com
264,Oona,Oona@gmail.com,,,Zaria,Zaria@gmail.com
265,Clementine,Clementine@gmail.com,,,Judy,Judy@gmail.com
266,Christal,Christal@gmail.com,,,Cissiee,Cissiee@gmail.com
267,Lanna,Lanna@gmail.com,,,Jillayne,Jillayne@gmail.com
268,Yvonne,Yvonne@gmail.com,,,Maryellen,Maryellen@gmail.com
269,Dale,Dale@gmail.com,,,Libbie,Libbie@gmail.com
270,Mara,Mara@gmail.com,,,Nataline,Nataline@gmail.com
271,Ronna,Ronna@gmail.com,,,Allyce,Allyce@gmail.com
272,Neila,Neila@gmail.com,,,Bobbi,Bobbi@gmail.com
273,Carolina,Carolina@gmail.com,,,Karena,Karena@gmail.com
274,Daphne,Daphne@gmail.com,,,Nerta,Nerta@gmail.com
275,Renae,Renae@gmail.com,,,Tybie,Tybie@gmail.com
276,Hildegaard,Hildegaard@gmail.com,,,Kristina,Kristina@gmail.com
277,Diena,Diena@gmail.com,,,Laurene,Laurene@gmail.com
278,Madelle,Madelle@gmail.com,,,Averyl,Averyl@gmail.com
279,Penelopa,Penelopa@gmail.com,,,Lindie,Lindie@gmail.com
280,Annaliese,Annaliese@gmail.com,,,Minda,Minda@gmail.com
281,Devina,Devina@gmail.com,,,Daryl,Daryl@gmail.com
282,Camile,Camile@gmail.com,,,Lindie,Lindie@gmail.com
283,Catrina,Catrina@gmail.com,,,Lindie,Lindie@gmail.com
284,Annaliese,Annaliese@gmail.com,,,Paule,Paule@gmail.com
285,Dode,Dode@gmail.com,,,Yolane,Yolane@gmail.com
286,Sallie,Sallie@gmail.com,,,Marinna,Marinna@gmail.com
287,Berta,Berta@gmail.com,,,Bernardine,Bernardine@gmail.com
288,Viki,Viki@gmail.com,,,Vita,Vita@gmail.com
289,Nyssa,Nyssa@gmail.com,,,Lanna,Lanna@gmail.com
290,Elmira,Elmira@gmail.com,,,Ermengarde,Ermengarde@gmail.com
291,Antonietta,Antonietta@gmail.com,,,Lulita,Lulita@gmail.com
292,Mallory,Mallory@gmail.com,,,Sashenka,Sashenka@gmail.com
293,Caressa,Caressa@gmail.com,,,Shaine,Shaine@gmail.com
294,Fina,Fina@gmail.com,,,Jenilee,Jenilee@gmail.com
295,Ninnetta,Ninnetta@gmail.com,,,Maurene,Maurene@gmail.com
296,Constance,Constance@gmail.com,,,Andeee,Andeee@gmail.com
297,Maud,Maud@gmail.com,,,Miquela,Miquela@gmail.com
298,Tilly,Tilly@gmail.com,,,Andree,Andree@gmail.com
299,Arlena,Arlena@gmail.com,,,Alleen,Alleen@gmail.com
300,Kittie,Kittie@gmail.com,,,Arlena,Arlena@gmail.com
301,Collen,Collen@gmail.com,,,Rivalee,Rivalee@gmail.com
302,Tybie,Tybie@gmail.com,,,Nickie,Nickie@gmail.com
303,Flory,Flory@gmail.com,,,Debee,Debee@gmail.com
304,Kaia,Kaia@gmail.com,,,Goldie,Goldie@gmail.com
305,Giustina,Giustina@gmail.com,,,Fanny,Fanny@gmail.com
306,Karlee,Karlee@gmail.com,,,Ernesta,Ernesta@gmail.com
307,Fanchon,Fanchon@gmail.com,,,Amalie,Amalie@gmail.com
308,Nickie,Nickie@gmail.com,,,Cassandra,Cassandra@gmail.com
309,Candi,Candi@gmail.com,,,Ursulina,Ursulina@gmail.com
310,Robinia,Robinia@gmail.com,,,Marnia,Marnia@gmail.com
311,Lila,Lila@gmail.com,,,Darci,Darci@gmail.com
312,Rochette,Rochette@gmail.com,,,Vita,Vita@gmail.com
313,Carly,Carly@gmail.com,,,Constance,Constance@gmail.com
314,Valeda,Valeda@gmail.com,,,Ericka,Ericka@gmail.com
315,Mallory,Mallory@gmail.com,,,Morganica,Morganica@gmail.com
316,Jany,Jany@gmail.com,,,Ariela,Ariela@gmail.com
317,Marti,Marti@gmail.com,,,Priscilla,Priscilla@gmail.com
318,Lorne,Lorne@gmail.com,,,Lorenza,Lorenza@gmail.com
319,Dennie,Dennie@gmail.com,,,Annecorinne,Annecorinne@gmail.com
320,Kellen,Kellen@gmail.com,,,Almeta,Almeta@gmail.com
321,Stevana,Stevana@gmail.com,,,Carilyn,Carilyn@gmail.com
322,Rosabelle,Rosabelle@gmail.com,,,Beverley,Beverley@gmail.com
323,Sara-Ann,Sara-Ann@gmail.com,,,Therine,Therine@gmail.com
324,Annora,Annora@gmail.com,,,Ivett,Ivett@gmail.com
325,Vevay,Vevay@gmail.com,,,Lelah,Lelah@gmail.com
326,Anica,Anica@gmail.com,,,Malina,Malina@gmail.com
327,Jerry,Jerry@gmail.com,,,Bernardine,Bernardine@gmail.com
328,Kial,Kial@gmail.com,,,Shell,Shell@gmail.com
329,Tybie,Tybie@gmail.com,,,Johna,Johna@gmail.com
330,Gilda,Gilda@gmail.com,,,Alia,Alia@gmail.com
331,Kaja,Kaja@gmail.com,,,Dari,Dari@gmail.com
332,Monika,Monika@gmail.com,,,Kathy,Kathy@gmail.com
333,Genevra,Genevra@gmail.com,,,Rosabelle,Rosabelle@gmail.com
334,Marylou,Marylou@gmail.com,,,Cristine,Cristine@gmail.com
335,Blinni,Blinni@gmail.com,,,Christy,Christy@gmail.com
336,Cathie,Cathie@gmail.com,,,Tami,Tami@gmail.com
337,Cordi,Cordi@gmail.com,,,Kristan,Kristan@gmail.com
338,Glynnis,Glynnis@gmail.com,,,Tori,Tori@gmail.com
339,Karolina,Karolina@gmail.com,,,Wilma,Wilma@gmail.com
340,Aigneis,Aigneis@gmail.com,,,Bertine,Bertine@gmail.com
341,Frances,Frances@gmail.com,,,Tierney,Tierney@gmail.com
342,Dede,Dede@gmail.com,,,Cissiee,Cissiee@gmail.com
343,Helena,Helena@gmail.com,,,Carree,Carree@gmail.com
344,Aimil,Aimil@gmail.com,,,Nananne,Nananne@gmail.com
345,Mathilda,Mathilda@gmail.com,,,Agathe,Agathe@gmail.com
346,Joy,Joy@gmail.com,,,Cherilyn,Cherilyn@gmail.com
347,Marcelline,Marcelline@gmail.com,,,Roxane,Roxane@gmail.com
348,Annaliese,Annaliese@gmail.com,,,Cathie,Cathie@gmail.com
349,Roxane,Roxane@gmail.com,,,Lesly,Lesly@gmail.com
350,Antonietta,Antonietta@gmail.com,,,Corene,Corene@gmail.com
351,Yvonne,Yvonne@gmail.com,,,Gerianna,Gerianna@gmail.com
352,Drucie,Drucie@gmail.com,,,Clarice,Clarice@gmail.com
353,Lila,Lila@gmail.com,,,Ketti,Ketti@gmail.com
354,Leeanne,Leeanne@gmail.com,,,Stacey,Stacey@gmail.com
355,Hannis,Hannis@gmail.com,,,Zsa Zsa,Zsa Zsa@gmail.com
356,Genevra,Genevra@gmail.com,,,Sashenka,Sashenka@gmail.com
357,Cacilie,Cacilie@gmail.com,,,Florencia,Florencia@gmail.com
358,Catharine,Catharine@gmail.com,,,Kylynn,Kylynn@gmail.com
359,Karolina,Karolina@gmail.com,,,Nannie,Nannie@gmail.com
360,Elora,Elora@gmail.com,,,Corry,Corry@gmail.com
361,Marika,Marika@gmail.com,,,Brooks,Brooks@gmail.com
362,Ebonee,Ebonee@gmail.com,,,Glenda,Glenda@gmail.com
363,Eugine,Eugine@gmail.com,,,Annaliese,Annaliese@gmail.com
364,Leontine,Leontine@gmail.com,,,Elise,Elise@gmail.com
365,Cordi,Cordi@gmail.com,,,Diena,Diena@gmail.com
366,Bernie,Bernie@gmail.com,,,Alex,Alex@gmail.com
367,Vinita,Vinita@gmail.com,,,Cyndie,Cyndie@gmail.com
368,Natka,Natka@gmail.com,,,Sallie,Sallie@gmail.com
369,Edith,Edith@gmail.com,,,Daphne,Daphne@gmail.com
370,Cyb,Cyb@gmail.com,,,Letizia,Letizia@gmail.com
371,Ileana,Ileana@gmail.com,,,Karlee,Karlee@gmail.com
372,Stevana,Stevana@gmail.com,,,Andeee,Andeee@gmail.com
373,Tera,Tera@gmail.com,,,Michaelina,Michaelina@gmail.com
374,Lorie,Lorie@gmail.com,,,Blinni,Blinni@gmail.com
375,Meriel,Meriel@gmail.com,,,Tilly,Tilly@gmail.com
376,Maridel,Maridel@gmail.com,,,Jessamyn,Jessamyn@gmail.com
377,Rosabelle,Rosabelle@gmail.com,,,Carol-Jean,Carol-Jean@gmail.com
378,Nanete,Nanete@gmail.com,,,Elise,Elise@gmail.com
379,Cindelyn,Cindelyn@gmail.com,,,Shirlee,Shirlee@gmail.com
380,Robinia,Robinia@gmail.com,,,Selia,Selia@gmail.com
381,Catharine,Catharine@gmail.com,,,Maud,Maud@gmail.com
382,Carly,Carly@gmail.com,,,Ginnie,Ginnie@gmail.com
383,Kirstin,Kirstin@gmail.com,,,Alexine,Alexine@gmail.com
384,Ira,Ira@gmail.com,,,Dode,Dode@gmail.com
385,Thalia,Thalia@gmail.com,,,Tori,Tori@gmail.com
386,Stevana,Stevana@gmail.com,,,Barbara,Barbara@gmail.com
387,Alyssa,Alyssa@gmail.com,,,Andree,Andree@gmail.com
388,Melodie,Melodie@gmail.com,,,Ursulina,Ursulina@gmail.com
389,Kittie,Kittie@gmail.com,,,Tybie,Tybie@gmail.com
390,Eve,Eve@gmail.com,,,Amara,Amara@gmail.com
391,Annabela,Annabela@gmail.com,,,Mariann,Mariann@gmail.com
392,Cecile,Cecile@gmail.com,,,Steffane,Steffane@gmail.com
393,Amelia,Amelia@gmail.com,,,Merrie,Merrie@gmail.com
394,Janenna,Janenna@gmail.com,,,Tressa,Tressa@gmail.com
395,Esmeralda,Esmeralda@gmail.com,,,Mariele,Mariele@gmail.com
396,Dulce,Dulce@gmail.com,,,Mathilda,Mathilda@gmail.com
397,Marline,Marline@gmail.com,,,Lucy,Lucy@gmail.com
398,Kara-Lynn,Kara-Lynn@gmail.com,,,Marline,Marline@gmail.com
399,Minda,Minda@gmail.com,,,Dulcinea,Dulcinea@gmail.com
400,Rivalee,Rivalee@gmail.com,,,Luci,Luci@gmail.com
401,Nollie,Nollie@gmail.com,,,Fanny,Fanny@gmail.com
402,Julieta,Julieta@gmail.com,,,Alyda,Alyda@gmail.com
403,Kellen,Kellen@gmail.com,,,Dorthy,Dorthy@gmail.com
404,Calla,Calla@gmail.com,,,Justinn,Justinn@gmail.com
405,Dorice,Dorice@gmail.com,,,Taffy,Taffy@gmail.com
406,Helsa,Helsa@gmail.com,,,Kaja,Kaja@gmail.com
407,Jany,Jany@gmail.com,,,Vonny,Vonny@gmail.com
408,Madalyn,Madalyn@gmail.com,,,Lindie,Lindie@gmail.com
409,Tera,Tera@gmail.com,,,Lonnie,Lonnie@gmail.com
410,Basia,Basia@gmail.com,,,Kathy,Kathy@gmail.com
411,Cordi,Cordi@gmail.com,,,Vere,Vere@gmail.com
412,Berget,Berget@gmail.com,,,Blake,Blake@gmail.com
413,Kristan,Kristan@gmail.com,,,Kirstin,Kirstin@gmail.com
414,Andeee,Andeee@gmail.com,,,Hayley,Hayley@gmail.com
415,Rani,Rani@gmail.com,,,Norine,Norine@gmail.com
416,Shel,Shel@gmail.com,,,Carlie,Carlie@gmail.com
417,Heddie,Heddie@gmail.com,,,Concettina,Concettina@gmail.com
418,Sidoney,Sidoney@gmail.com,,,Evaleen,Evaleen@gmail.com
419,Merle,Merle@gmail.com,,,Flory,Flory@gmail.com
420,Zia,Zia@gmail.com,,,Berta,Berta@gmail.com
421,Fawne,Fawne@gmail.com,,,Nita,Nita@gmail.com
422,Corina,Corina@gmail.com,,,Vivia,Vivia@gmail.com
423,Dulcinea,Dulcinea@gmail.com,,,Frank,Frank@gmail.com
424,Kathy,Kathy@gmail.com,,,Libbie,Libbie@gmail.com
425,Nessie,Nessie@gmail.com,,,Valera,Valera@gmail.com
426,Consuela,Consuela@gmail.com,,,Eadie,Eadie@gmail.com
427,Pierette,Pierette@gmail.com,,,Maridel,Maridel@gmail.com
428,Pearline,Pearline@gmail.com,,,Jere,Jere@gmail.com
429,Mathilda,Mathilda@gmail.com,,,Elise,Elise@gmail.com
430,Asia,Asia@gmail.com,,,Feliza,Feliza@gmail.com
431,Josephine,Josephine@gmail.com,,,Sharlene,Sharlene@gmail.com
432,Margarette,Margarette@gmail.com,,,Rosanne,Rosanne@gmail.com
433,Dede,Dede@gmail.com,,,Benita,Benita@gmail.com
434,Odessa,Odessa@gmail.com,,,Jean,Jean@gmail.com
435,Minne,Minne@gmail.com,,,Dari,Dari@gmail.com
436,Margarette,Margarette@gmail.com,,,Rivalee,Rivalee@gmail.com
437,Ginnie,Ginnie@gmail.com,,,Miquela,Miquela@gmail.com
438,Keelia,Keelia@gmail.com,,,Teriann,Teriann@gmail.com
439,Amalie,Amalie@gmail.com,,,Myriam,Myriam@gmail.com
440,Gerianna,Gerianna@gmail.com,,,Evaleen,Evaleen@gmail.com
441,Nananne,Nananne@gmail.com,,,Sharai,Sharai@gmail.com
442,Jennica,Jennica@gmail.com,,,Helsa,Helsa@gmail.com
443,Cristine,Cristine@gmail.com,,,Laurene,Laurene@gmail.com
444,Bernie,Bernie@gmail.com,,,Raf,Raf@gmail.com
445,Tierney,Tierney@gmail.com,,,Lindie,Lindie@gmail.com
446,Constance,Constance@gmail.com,,,Patricia,Patricia@gmail.com
447,Ronna,Ronna@gmail.com,,,Carilyn,Carilyn@gmail.com
448,Cissiee,Cissiee@gmail.com,,,Damaris,Damaris@gmail.com
449,Di,Di@gmail.com,,,Dione,Dione@gmail.com
450,Aimil,Aimil@gmail.com,,,Taffy,Taffy@gmail.com
451,Darlleen,Darlleen@gmail.com,,,Marti,Marti@gmail.com
452,Isa,Isa@gmail.com,,,Bobbi,Bobbi@gmail.com
453,Bernardine,Bernardine@gmail.com,,,Basia,Basia@gmail.com
454,Jenda,Jenda@gmail.com,,,Daphne,Daphne@gmail.com
455,Gwyneth,Gwyneth@gmail.com,,,Willetta,Willetta@gmail.com
456,Nerta,Nerta@gmail.com,,,Starla,Starla@gmail.com
457,Carilyn,Carilyn@gmail.com,,,Lolita,Lolita@gmail.com
458,Brandise,Brandise@gmail.com,,,Oona,Oona@gmail.com
459,Heddie,Heddie@gmail.com,,,Cassondra,Cassondra@gmail.com
460,Harrietta,Harrietta@gmail.com,,,Kate,Kate@gmail.com
461,Lita,Lita@gmail.com,,,Iseabal,Iseabal@gmail.com
462,Asia,Asia@gmail.com,,,Marguerite,Marguerite@gmail.com
463,Cacilie,Cacilie@gmail.com,,,Brynna,Brynna@gmail.com
464,Libbie,Libbie@gmail.com,,,Marguerite,Marguerite@gmail.com
465,Sashenka,Sashenka@gmail.com,,,Catharine,Catharine@gmail.com
466,Shirlee,Shirlee@gmail.com,,,Laurene,Laurene@gmail.com
467,Jan,Jan@gmail.com,,,Rosaline,Rosaline@gmail.com
468,Marcy,Marcy@gmail.com,,,Wileen,Wileen@gmail.com
469,Selia,Selia@gmail.com,,,Ermengarde,Ermengarde@gmail.com
470,Claresta,Claresta@gmail.com,,,Priscilla,Priscilla@gmail.com
471,Meriel,Meriel@gmail.com,,,Camile,Camile@gmail.com
472,Jany,Jany@gmail.com,,,Raquela,Raquela@gmail.com
473,Misha,Misha@gmail.com,,,Elyssa,Elyssa@gmail.com
474,Krystle,Krystle@gmail.com,,,Gerrie,Gerrie@gmail.com
475,Bernie,Bernie@gmail.com,,,Celene,Celene@gmail.com
476,Pierette,Pierette@gmail.com,,,Brietta,Brietta@gmail.com
477,Ivett,Ivett@gmail.com,,,Bernardine,Bernardine@gmail.com
478,Zia,Zia@gmail.com,,,Mary,Mary@gmail.com
479,Anallese,Anallese@gmail.com,,,Amara,Amara@gmail.com
480,Teddie,Teddie@gmail.com,,,Clary,Clary@gmail.com
481,Amalie,Amalie@gmail.com,,,Flory,Flory@gmail.com
482,Josephine,Josephine@gmail.com,,,Justinn,Justinn@gmail.com
483,Mariann,Mariann@gmail.com,,,Kerrin,Kerrin@gmail.com
484,Lory,Lory@gmail.com,,,Sonni,Sonni@gmail.com
485,Cam,Cam@gmail.com,,,Gabi,Gabi@gmail.com
486,Dawn,Dawn@gmail.com,,,Albertina,Albertina@gmail.com
487,Consuela,Consuela@gmail.com,,,Imojean,Imojean@gmail.com
488,Antonietta,Antonietta@gmail.com,,,Beatriz,Beatriz@gmail.com
489,Lita,Lita@gmail.com,,,Chickie,Chickie@gmail.com
490,Hollie,Hollie@gmail.com,,,Myriam,Myriam@gmail.com
491,Cathie,Cathie@gmail.com,,,Mariann,Mariann@gmail.com
492,Karena,Karena@gmail.com,,,Bee,Bee@gmail.com
493,Emilia,Emilia@gmail.com,,,Sheree,Sheree@gmail.com
494,Brynna,Brynna@gmail.com,,,Cacilie,Cacilie@gmail.com
495,Jenilee,Jenilee@gmail.com,,,Marylou,Marylou@gmail.com
496,Brietta,Brietta@gmail.com,,,Phylis,Phylis@gmail.com
497,Laure,Laure@gmail.com,,,Arlena,Arlena@gmail.com
498,Drucie,Drucie@gmail.com,,,Lory,Lory@gmail.com
499,Charmaine,Charmaine@gmail.com,,,Ronna,Ronna@gmail.com
500,Gertrud,Gertrud@gmail.com,,,Paola,Paola@gmail.com
501,Asia,Asia@gmail.com,,,Stacey,Stacey@gmail.com
502,Sharai,Sharai@gmail.com,,,,
503,Cindelyn,Cindelyn@gmail.com,,,,
504,Jessy,Jessy@gmail.com,,,,
505,Kaja,Kaja@gmail.com,,,,
506,Melisent,Melisent@gmail.com,,,,
507,Mildrid,Mildrid@gmail.com,,,,
508,Maud,Maud@gmail.com,,,,
509,Dorice,Dorice@gmail.com,,,,
510,Arlena,Arlena@gmail.com,,,,
511,Ileana,Ileana@gmail.com,,,,
512,Gilligan,Gilligan@gmail.com,,,,
513,Belva,Belva@gmail.com,,,,
514,Trixi,Trixi@gmail.com,,,,
515,Vonny,Vonny@gmail.com,,,,
516,Shell,Shell@gmail.com,,,,
517,Aurore,Aurore@gmail.com,,,,
518,Deane,Deane@gmail.com,,,,
519,Tracey,Tracey@gmail.com,,,,
520,Natka,Natka@gmail.com,,,,
521,Alexine,Alexine@gmail.com,,,,
522,Louella,Louella@gmail.com,,,,
523,Jillayne,Jillayne@gmail.com,,,,
524,Felice,Felice@gmail.com,,,,
525,Tiffie,Tiffie@gmail.com,,,,
526,Caryl,Caryl@gmail.com,,,,
527,Paulita,Paulita@gmail.com,,,,
528,Beth,Beth@gmail.com,,,,
529,Cathyleen,Cathyleen@gmail.com,,,,
530,Debee,Debee@gmail.com,,,,
531,Siana,Siana@gmail.com,,,,
532,Tani,Tani@gmail.com,,,,
533,Tami,Tami@gmail.com,,,,
534,Taffy,Taffy@gmail.com,,,,
535,Gwyneth,Gwyneth@gmail.com,,,,
536,Corene,Corene@gmail.com,,,,
537,Jere,Jere@gmail.com,,,,
538,Melina,Melina@gmail.com,,,,
539,Alyda,Alyda@gmail.com,,,,
540,Fawne,Fawne@gmail.com,,,,
541,Fred,Fred@gmail.com,,,,
542,Mathilda,Mathilda@gmail.com,,,,
543,Cassondra,Cassondra@gmail.com,,,,
544,Nerta,Nerta@gmail.com,,,,
545,Orelia,Orelia@gmail.com,,,,
546,Kara-Lynn,Kara-Lynn@gmail.com,,,,
547,Gerianna,Gerianna@gmail.com,,,,
548,Lelah,Lelah@gmail.com,,,,
549,Wynne,Wynne@gmail.com,,,,
550,Beverley,Beverley@gmail.com,,,,
551,Xylina,Xylina@gmail.com,,,,
552,Mariele,Mariele@gmail.com,,,,
553,Veda,Veda@gmail.com,,,,
554,Taffy,Taffy@gmail.com,,,,
555,Kristina,Kristina@gmail.com,,,,
556,Marita,Marita@gmail.com,,,,
557,Tomasina,Tomasina@gmail.com,,,,
558,Nelle,Nelle@gmail.com,,,,
559,Sharlene,Sharlene@gmail.com,,,,
560,Babita,Babita@gmail.com,,,,
561,Hermione,Hermione@gmail.com,,,,
562,Florie,Florie@gmail.com,,,,
563,Mallory,Mallory@gmail.com,,,,
564,Nelle,Nelle@gmail.com,,,,
565,Genovera,Genovera@gmail.com,,,,
566,Calla,Calla@gmail.com,,,,
567,Gusty,Gusty@gmail.com,,,,
568,Blondelle,Blondelle@gmail.com,,,,
569,Calla,Calla@gmail.com,,,,
570,Sherrie,Sherrie@gmail.com,,,,
571,Dorothy,Dorothy@gmail.com,,,,
572,Sonni,Sonni@gmail.com,,,,
573,Elka,Elka@gmail.com,,,,
574,Rivalee,Rivalee@gmail.com,,,,
575,Annora,Annora@gmail.com,,,,
576,Zsa Zsa,Zsa Zsa@gmail.com,,,,
577,Kelly,Kelly@gmail.com,,,,
578,Annora,Annora@gmail.com,,,,
579,Marylou,Marylou@gmail.com,,,,
580,Anthia,Anthia@gmail.com,,,,
581,Linet,Linet@gmail.com,,,,
582,Cam,Cam@gmail.com,,,,
583,Kaja,Kaja@gmail.com,,,,
584,Dyann,Dyann@gmail.com,,,,
585,Ronna,Ronna@gmail.com,,,,
586,Lanae,Lanae@gmail.com,,,,
587,Bill,Bill@gmail.com,,,,
588,Georgina,Georgina@gmail.com,,,,
589,Daphne,Daphne@gmail.com,,,,
590,Clo,Clo@gmail.com,,,,
591,Doro,Doro@gmail.com,,,,
592,Aurelie,Aurelie@gmail.com,,,,
593,Lauryn,Lauryn@gmail.com,,,,
594,Albertina,Albertina@gmail.com,,,,
595,Jillayne,Jillayne@gmail.com,,,,
596,Dotty,Dotty@gmail.com,,,,
597,Rozele,Rozele@gmail.com,,,,
598,Dorthy,Dorthy@gmail.com,,,,
599,Norine,Norine@gmail.com,,,,
600,Cindelyn,Cindelyn@gmail.com,,,,
601,Aryn,Aryn@gmail.com,,,,
602,Agnese,Agnese@gmail.com,,,,
603,Carmencita,Carmencita@gmail.com,,,,
604,Lanae,Lanae@gmail.com,,,,
605,Lanae,Lanae@gmail.com,,,,
606,Althea,Althea@gmail.com,,,,
607,Charissa,Charissa@gmail.com,,,,
608,Audrie,Audrie@gmail.com,,,,
609,Ronna,Ronna@gmail.com,,,,
610,Rochette,Rochette@gmail.com,,,,
611,Paule,Paule@gmail.com,,,,
612,Ashlee,Ashlee@gmail.com,,,,
613,Ana,Ana@gmail.com,,,,
614,Beth,Beth@gmail.com,,,,
615,Karlee,Karlee@gmail.com,,,,
616,Nessie,Nessie@gmail.com,,,,
617,Dorice,Dorice@gmail.com,,,,
618,Gaylene,Gaylene@gmail.com,,,,
619,Daryl,Daryl@gmail.com,,,,
620,Correy,Correy@gmail.com,,,,
621,Nicoli,Nicoli@gmail.com,,,,
622,Ana,Ana@gmail.com,,,,
623,Gianina,Gianina@gmail.com,,,,
624,Sophia,Sophia@gmail.com,,,,
625,Angelique,Angelique@gmail.com,,,,
626,Berta,Berta@gmail.com,,,,
627,Josephine,Josephine@gmail.com,,,,
628,Eve,Eve@gmail.com,,,,
629,Tina,Tina@gmail.com,,,,
630,Yetty,Yetty@gmail.com,,,,
631,Ottilie,Ottilie@gmail.com,,,,
632,Adriana,Adriana@gmail.com,,,,
633,Margette,Margette@gmail.com,,,,
634,Cherilyn,Cherilyn@gmail.com,,,,
635,Regina,Regina@gmail.com,,,,
636,Kamilah,Kamilah@gmail.com,,,,
637,Aeriela,Aeriela@gmail.com,,,,
638,Kerrin,Kerrin@gmail.com,,,,
639,Jorry,Jorry@gmail.com,,,,
640,Helsa,Helsa@gmail.com,,,,
641,Danika,Danika@gmail.com,,,,
642,Wilma,Wilma@gmail.com,,,,
643,Carmencita,Carmencita@gmail.com,,,,
644,Nessie,Nessie@gmail.com,,,,
645,Genovera,Genovera@gmail.com,,,,
646,Barbara,Barbara@gmail.com,,,,
647,Kristan,Kristan@gmail.com,,,,
648,Jere,Jere@gmail.com,,,,
649,Ronna,Ronna@gmail.com,,,,
650,Karly,Karly@gmail.com,,,,
651,Elsie,Elsie@gmail.com,,,,
652,Gisela,Gisela@gmail.com,,,,
653,Estell,Estell@gmail.com,,,,
654,Aigneis,Aigneis@gmail.com,,,,
655,Maud,Maud@gmail.com,,,,
656,Ashlee,Ashlee@gmail.com,,,,
657,Barbara,Barbara@gmail.com,,,,
658,Layla,Layla@gmail.com,,,,
659,Wileen,Wileen@gmail.com,,,,
660,Rebeca,Rebeca@gmail.com,,,,
661,Maud,Maud@gmail.com,,,,
662,Sandie,Sandie@gmail.com,,,,
663,Ana,Ana@gmail.com,,,,
664,Audrie,Audrie@gmail.com,,,,
665,Miquela,Miquela@gmail.com,,,,
666,Meghann,Meghann@gmail.com,,,,
667,Dennie,Dennie@gmail.com,,,,
668,Sherrie,Sherrie@gmail.com,,,,
669,Esmeralda,Esmeralda@gmail.com,,,,
670,Diena,Diena@gmail.com,,,,
671,Jenilee,Jenilee@gmail.com,,,,
672,Josephine,Josephine@gmail.com,,,,
673,Justinn,Justinn@gmail.com,,,,
674,Kellen,Kellen@gmail.com,,,,
675,Alexine,Alexine@gmail.com,,,,
676,Aaren,Aaren@gmail.com,,,,
677,Kylynn,Kylynn@gmail.com,,,,
678,Vanessa,Vanessa@gmail.com,,,,
679,Zondra,Zondra@gmail.com,,,,
680,Blondelle,Blondelle@gmail.com,,,,
681,Dari,Dari@gmail.com,,,,
682,Selma,Selma@gmail.com,,,,
683,Marti,Marti@gmail.com,,,,
684,Juliane,Juliane@gmail.com,,,,
685,Asia,Asia@gmail.com,,,,
686,Catharine,Catharine@gmail.com,,,,
687,Annaliese,Annaliese@gmail.com,,,,
688,Katharina,Katharina@gmail.com,,,,
689,Cathie,Cathie@gmail.com,,,,
690,Josephine,Josephine@gmail.com,,,,
691,Shauna,Shauna@gmail.com,,,,
692,Aeriela,Aeriela@gmail.com,,,,
693,Riannon,Riannon@gmail.com,,,,
694,Marguerite,Marguerite@gmail.com,,,,
695,Rosabelle,Rosabelle@gmail.com,,,,
696,Marti,Marti@gmail.com,,,,
697,Chrystel,Chrystel@gmail.com,,,,
698,Esmeralda,Esmeralda@gmail.com,,,,
699,Shell,Shell@gmail.com,,,,
700,Debee,Debee@gmail.com,,,,
701,Ardenia,Ardenia@gmail.com,,,,
702,Gretal,Gretal@gmail.com,,,,
703,Cherrita,Cherrita@gmail.com,,,,
704,Jenda,Jenda@gmail.com,,,,
705,Goldie,Goldie@gmail.com,,,,
706,Frieda,Frieda@gmail.com,,,,
707,Ariela,Ariela@gmail.com,,,,
708,Margette,Margette@gmail.com,,,,
709,Hyacinthe,Hyacinthe@gmail.com,,,,
710,Carly,Carly@gmail.com,,,,
711,Belinda,Belinda@gmail.com,,,,
712,Katleen,Katleen@gmail.com,,,,
713,Marinna,Marinna@gmail.com,,,,
714,Marita,Marita@gmail.com,,,,
715,Vinita,Vinita@gmail.com,,,,
716,Deedee,Deedee@gmail.com,,,,
717,Carol-Jean,Carol-Jean@gmail.com,,,,
718,Sallie,Sallie@gmail.com,,,,
719,Lucille,Lucille@gmail.com,,,,
720,Calla,Calla@gmail.com,,,,
721,Shandie,Shandie@gmail.com,,,,
722,Dennie,Dennie@gmail.com,,,,
723,Halette,Halette@gmail.com,,,,
724,Arabel,Arabel@gmail.com,,,,
725,Karina,Karina@gmail.com,,,,
726,Tonia,Tonia@gmail.com,,,,
727,Anestassia,Anestassia@gmail.com,,,,
728,Donnie,Donnie@gmail.com,,,,
729,Katuscha,Katuscha@gmail.com,,,,
730,Mahalia,Mahalia@gmail.com,,,,
731,Coral,Coral@gmail.com,,,,
732,Vere,Vere@gmail.com,,,,
733,Norine,Norine@gmail.com,,,,
734,Stevana,Stevana@gmail.com,,,,
735,Clementine,Clementine@gmail.com,,,,
736,Candi,Candi@gmail.com,,,,
737,Cassondra,Cassondra@gmail.com,,,,
738,Vanessa,Vanessa@gmail.com,,,,
739,Lisette,Lisette@gmail.com,,,,
740,Gabi,Gabi@gmail.com,,,,
741,Sonni,Sonni@gmail.com,,,,
742,Belinda,Belinda@gmail.com,,,,
743,Aurore,Aurore@gmail.com,,,,
744,Penelopa,Penelopa@gmail.com,,,,
745,Sadie,Sadie@gmail.com,,,,
746,Janis,Janis@gmail.com,,,,
747,Johna,Johna@gmail.com,,,,
748,Meriel,Meriel@gmail.com,,,,
749,Arlina,Arlina@gmail.com,,,,
750,Jacenta,Jacenta@gmail.com,,,,
751,Mildrid,Mildrid@gmail.com,,,,
752,Amii,Amii@gmail.com,,,,
753,Aigneis,Aigneis@gmail.com,,,,
754,Tabbatha,Tabbatha@gmail.com,,,,
755,Elyssa,Elyssa@gmail.com,,,,
756,Larine,Larine@gmail.com,,,,
757,Xylina,Xylina@gmail.com,,,,
758,Stacey,Stacey@gmail.com,,,,
759,Rebeca,Rebeca@gmail.com,,,,
760,Odessa,Odessa@gmail.com,,,,
761,Laurene,Laurene@gmail.com,,,,
762,Leona,Leona@gmail.com,,,,
763,Zaria,Zaria@gmail.com,,,,
764,Judy,Judy@gmail.com,,,,
765,Cissiee,Cissiee@gmail.com,,,,
766,Jillayne,Jillayne@gmail.com,,,,
767,Maryellen,Maryellen@gmail.com,,,,
768,Libbie,Libbie@gmail.com,,,,
769,Nataline,Nataline@gmail.com,,,,
770,Allyce,Allyce@gmail.com,,,,
771,Bobbi,Bobbi@gmail.com,,,,
772,Karena,Karena@gmail.com,,,,
773,Nerta,Nerta@gmail.com,,,,
774,Tybie,Tybie@gmail.com,,,,
775,Kristina,Kristina@gmail.com,,,,
776,Laurene,Laurene@gmail.com,,,,
777,Averyl,Averyl@gmail.com,,,,
778,Lindie,Lindie@gmail.com,,,,
779,Minda,Minda@gmail.com,,,,
780,Daryl,Daryl@gmail.com,,,,
781,Lindie,Lindie@gmail.com,,,,
782,Lindie,Lindie@gmail.com,,,,
783,Paule,Paule@gmail.com,,,,
784,Yolane,Yolane@gmail.com,,,,
785,Marinna,Marinna@gmail.com,,,,
786,Bernardine,Bernardine@gmail.com,,,,
787,Vita,Vita@gmail.com,,,,
788,Lanna,Lanna@gmail.com,,,,
789,Ermengarde,Ermengarde@gmail.com,,,,
790,Lulita,Lulita@gmail.com,,,,
791,Sashenka,Sashenka@gmail.com,,,,
792,Shaine,Shaine@gmail.com,,,,
793,Jenilee,Jenilee@gmail.com,,,,
794,Maurene,Maurene@gmail.com,,,,
795,Andeee,Andeee@gmail.com,,,,
796,Miquela,Miquela@gmail.com,,,,
797,Andree,Andree@gmail.com,,,,
798,Alleen,Alleen@gmail.com,,,,
799,Arlena,Arlena@gmail.com,,,,
800,Rivalee,Rivalee@gmail.com,,,,
801,Nickie,Nickie@gmail.com,,,,
802,Debee,Debee@gmail.com,,,,
803,Goldie,Goldie@gmail.com,,,,
804,Fanny,Fanny@gmail.com,,,,
805,Ernesta,Ernesta@gmail.com,,,,
806,Amalie,Amalie@gmail.com,,,,
807,Cassandra,Cassandra@gmail.com,,,,
808,Ursulina,Ursulina@gmail.com,,,,
809,Marnia,Marnia@gmail.com,,,,
810,Darci,Darci@gmail.com,,,,
811,Vita,Vita@gmail.com,,,,
812,Constance,Constance@gmail.com,,,,
813,Ericka,Ericka@gmail.com,,,,
814,Morganica,Morganica@gmail.com,,,,
815,Ariela,Ariela@gmail.com,,,,
816,Priscilla,Priscilla@gmail.com,,,,
817,Lorenza,Lorenza@gmail.com,,,,
818,Annecorinne,Annecorinne@gmail.com,,,,
819,Almeta,Almeta@gmail.com,,,,
820,Carilyn,Carilyn@gmail.com,,,,
821,Beverley,Beverley@gmail.com,,,,
822,Therine,Therine@gmail.com,,,,
823,Ivett,Ivett@gmail.com,,,,
824,Lelah,Lelah@gmail.com,,,,
825,Malina,Malina@gmail.com,,,,
826,Bernardine,Bernardine@gmail.com,,,,
827,Shell,Shell@gmail.com,,,,
828,Johna,Johna@gmail.com,,,,
829,Alia,Alia@gmail.com,,,,
830,Dari,Dari@gmail.com,,,,
831,Kathy,Kathy@gmail.com,,,,
832,Rosabelle,Rosabelle@gmail.com,,,,
833,Cristine,Cristine@gmail.com,,,,
834,Christy,Christy@gmail.com,,,,
835,Tami,Tami@gmail.com,,,,
836,Kristan,Kristan@gmail.com,,,,
837,Tori,Tori@gmail.com,,,,
838,Wilma,Wilma@gmail.com,,,,
839,Bertine,Bertine@gmail.com,,,,
840,Tierney,Tierney@gmail.com,,,,
841,Cissiee,Cissiee@gmail.com,,,,
842,Carree,Carree@gmail.com,,,,
843,Nananne,Nananne@gmail.com,,,,
844,Agathe,Agathe@gmail.com,,,,
845,Cherilyn,Cherilyn@gmail.com,,,,
846,Roxane,Roxane@gmail.com,,,,
847,Cathie,Cathie@gmail.com,,,,
848,Lesly,Lesly@gmail.com,,,,
849,Corene,Corene@gmail.com,,,,
850,Gerianna,Gerianna@gmail.com,,,,
851,Clarice,Clarice@gmail.com,,,,
852,Ketti,Ketti@gmail.com,,,,
853,Stacey,Stacey@gmail.com,,,,
854,Zsa Zsa,Zsa Zsa@gmail.com,,,,
855,Sashenka,Sashenka@gmail.com,,,,
856,Florencia,Florencia@gmail.com,,,,
857,Kylynn,Kylynn@gmail.com,,,,
858,Nannie,Nannie@gmail.com,,,,
859,Corry,Corry@gmail.com,,,,
860,Brooks,Brooks@gmail.com,,,,
861,Glenda,Glenda@gmail.com,,,,
862,Annaliese,Annaliese@gmail.com,,,,
863,Elise,Elise@gmail.com,,,,
864,Diena,Diena@gmail.com,,,,
865,Alex,Alex@gmail.com,,,,
866,Cyndie,Cyndie@gmail.com,,,,
867,Sallie,Sallie@gmail.com,,,,
868,Daphne,Daphne@gmail.com,,,,
869,Letizia,Letizia@gmail.com,,,,
870,Karlee,Karlee@gmail.com,,,,
871,Andeee,Andeee@gmail.com,,,,
872,Michaelina,Michaelina@gmail.com,,,,
873,Blinni,Blinni@gmail.com,,,,
874,Tilly,Tilly@gmail.com,,,,
875,Jessamyn,Jessamyn@gmail.com,,,,
876,Carol-Jean,Carol-Jean@gmail.com,,,,
877,Elise,Elise@gmail.com,,,,
878,Shirlee,Shirlee@gmail.com,,,,
879,Selia,Selia@gmail.com,,,,
880,Maud,Maud@gmail.com,,,,
881,Ginnie,Ginnie@gmail.com,,,,
882,Alexine,Alexine@gmail.com,,,,
883,Dode,Dode@gmail.com,,,,
884,Tori,Tori@gmail.com,,,,
885,Barbara,Barbara@gmail.com,,,,
886,Andree,Andree@gmail.com,,,,
887,Ursulina,Ursulina@gmail.com,,,,
888,Tybie,Tybie@gmail.com,,,,
889,Amara,Amara@gmail.com,,,,
890,Mariann,Mariann@gmail.com,,,,
891,Steffane,Steffane@gmail.com,,,,
892,Merrie,Merrie@gmail.com,,,,
893,Tressa,Tressa@gmail.com,,,,
894,Mariele,Mariele@gmail.com,,,,
895,Mathilda,Mathilda@gmail.com,,,,
896,Lucy,Lucy@gmail.com,,,,
897,Marline,Marline@gmail.com,,,,
898,Dulcinea,Dulcinea@gmail.com,,,,
899,Luci,Luci@gmail.com,,,,
900,Fanny,Fanny@gmail.com,,,,
901,Alyda,Alyda@gmail.com,,,,
902,Dorthy,Dorthy@gmail.com,,,,
903,Justinn,Justinn@gmail.com,,,,
904,Taffy,Taffy@gmail.com,,,,
905,Kaja,Kaja@gmail.com,,,,
906,Vonny,Vonny@gmail.com,,,,
907,Lindie,Lindie@gmail.com,,,,
908,Lonnie,Lonnie@gmail.com,,,,
909,Kathy,Kathy@gmail.com,,,,
910,Vere,Vere@gmail.com,,,,
911,Blake,Blake@gmail.com,,,,
912,Kirstin,Kirstin@gmail.com,,,,
913,Hayley,Hayley@gmail.com,,,,
914,Norine,Norine@gmail.com,,,,
915,Carlie,Carlie@gmail.com,,,,
916,Concettina,Concettina@gmail.com,,,,
917,Evaleen,Evaleen@gmail.com,,,,
918,Flory,Flory@gmail.com,,,,
919,Berta,Berta@gmail.com,,,,
920,Nita,Nita@gmail.com,,,,
921,Vivia,Vivia@gmail.com,,,,
922,Frank,Frank@gmail.com,,,,
923,Libbie,Libbie@gmail.com,,,,
924,Valera,Valera@gmail.com,,,,
925,Eadie,Eadie@gmail.com,,,,
926,Maridel,Maridel@gmail.com,,,,
927,Jere,Jere@gmail.com,,,,
928,Elise,Elise@gmail.com,,,,
929,Feliza,Feliza@gmail.com,,,,
930,Sharlene,Sharlene@gmail.com,,,,
931,Rosanne,Rosanne@gmail.com,,,,
932,Benita,Benita@gmail.com,,,,
933,Jean,Jean@gmail.com,,,,
934,Dari,Dari@gmail.com,,,,
935,Rivalee,Rivalee@gmail.com,,,,
936,Miquela,Miquela@gmail.com,,,,
937,Teriann,Teriann@gmail.com,,,,
938,Myriam,Myriam@gmail.com,,,,
939,Evaleen,Evaleen@gmail.com,,,,
940,Sharai,Sharai@gmail.com,,,,
941,Helsa,Helsa@gmail.com,,,,
942,Laurene,Laurene@gmail.com,,,,
943,Raf,Raf@gmail.com,,,,
944,Lindie,Lindie@gmail.com,,,,
945,Patricia,Patricia@gmail.com,,,,
946,Carilyn,Carilyn@gmail.com,,,,
947,Damaris,Damaris@gmail.com,,,,
948,Dione,Dione@gmail.com,,,,
949,Taffy,Taffy@gmail.com,,,,
950,Marti,Marti@gmail.com,,,,
951,Bobbi,Bobbi@gmail.com,,,,
952,Basia,Basia@gmail.com,,,,
953,Daphne,Daphne@gmail.com,,,,
954,Willetta,Willetta@gmail.com,,,,
955,Starla,Starla@gmail.com,,,,
956,Lolita,Lolita@gmail.com,,,,
957,Oona,Oona@gmail.com,,,,
958,Cassondra,Cassondra@gmail.com,,,,
959,Kate,Kate@gmail.com,,,,
960,Iseabal,Iseabal@gmail.com,,,,
961,Marguerite,Marguerite@gmail.com,,,,
962,Brynna,Brynna@gmail.com,,,,
963,Marguerite,Marguerite@gmail.com,,,,
964,Catharine,Catharine@gmail.com,,,,
965,Laurene,Laurene@gmail.com,,,,
966,Rosaline,Rosaline@gmail.com,,,,
967,Wileen,Wileen@gmail.com,,,,
968,Ermengarde,Ermengarde@gmail.com,,,,
969,Priscilla,Priscilla@gmail.com,,,,
970,Camile,Camile@gmail.com,,,,
971,Raquela,Raquela@gmail.com,,,,
972,Elyssa,Elyssa@gmail.com,,,,
973,Gerrie,Gerrie@gmail.com,,,,
974,Celene,Celene@gmail.com,,,,
975,Brietta,Brietta@gmail.com,,,,
976,Bernardine,Bernardine@gmail.com,,,,
977,Mary,Mary@gmail.com,,,,
978,Amara,Amara@gmail.com,,,,
979,Clary,Clary@gmail.com,,,,
980,Flory,Flory@gmail.com,,,,
981,Justinn,Justinn@gmail.com,,,,
982,Kerrin,Kerrin@gmail.com,,,,
983,Sonni,Sonni@gmail.com,,,,
984,Gabi,Gabi@gmail.com,,,,
985,Albertina,Albertina@gmail.com,,,,
986,Imojean,Imojean@gmail.com,,,,
987,Beatriz,Beatriz@gmail.com,,,,
988,Chickie,Chickie@gmail.com,,,,
989,Myriam,Myriam@gmail.com,,,,
990,Mariann,Mariann@gmail.com,,,,
991,Bee,Bee@gmail.com,,,,
992,Sheree,Sheree@gmail.com,,,,
993,Cacilie,Cacilie@gmail.com,,,,
994,Marylou,Marylou@gmail.com,,,,
995,Phylis,Phylis@gmail.com,,,,
996,Arlena,Arlena@gmail.com,,,,
997,Lory,Lory@gmail.com,,,,
998,Ronna,Ronna@gmail.com,,,,
999,Paola,Paola@gmail.com,,,,
1000,Stacey,Stacey@gmail.com,,,,
